PRAGMA foreign_keys=OFF;
BEGIN TRANSACTION;
CREATE TABLE IF NOT EXISTS "django_migrations" ("id" integer NOT NULL PRIMARY KEY AUTOINCREMENT, "app" varchar(255) NOT NULL, "name" varchar(255) NOT NULL, "applied" datetime NOT NULL);
INSERT INTO django_migrations VALUES(1,'contenttypes','0001_initial','2024-08-17 18:14:09.992320');
INSERT INTO django_migrations VALUES(2,'auth','0001_initial','2024-08-17 18:14:10.030412');
INSERT INTO django_migrations VALUES(3,'admin','0001_initial','2024-08-17 18:14:10.056805');
INSERT INTO django_migrations VALUES(4,'admin','0002_logentry_remove_auto_add','2024-08-17 18:14:10.084107');
INSERT INTO django_migrations VALUES(5,'admin','0003_logentry_add_action_flag_choices','2024-08-17 18:14:10.121103');
INSERT INTO django_migrations VALUES(6,'contenttypes','0002_remove_content_type_name','2024-08-17 18:14:10.188448');
INSERT INTO django_migrations VALUES(7,'auth','0002_alter_permission_name_max_length','2024-08-17 18:14:10.207828');
INSERT INTO django_migrations VALUES(8,'auth','0003_alter_user_email_max_length','2024-08-17 18:14:10.238273');
INSERT INTO django_migrations VALUES(9,'auth','0004_alter_user_username_opts','2024-08-17 18:14:10.260286');
INSERT INTO django_migrations VALUES(10,'auth','0005_alter_user_last_login_null','2024-08-17 18:14:10.285635');
INSERT INTO django_migrations VALUES(11,'auth','0006_require_contenttypes_0002','2024-08-17 18:14:10.291663');
INSERT INTO django_migrations VALUES(12,'auth','0007_alter_validators_add_error_messages','2024-08-17 18:14:10.305628');
INSERT INTO django_migrations VALUES(13,'auth','0008_alter_user_username_max_length','2024-08-17 18:14:10.324858');
INSERT INTO django_migrations VALUES(14,'auth','0009_alter_user_last_name_max_length','2024-08-17 18:14:10.356855');
INSERT INTO django_migrations VALUES(15,'auth','0010_alter_group_name_max_length','2024-08-17 18:14:10.383127');
INSERT INTO django_migrations VALUES(16,'auth','0011_update_proxy_permissions','2024-08-17 18:14:10.407122');
INSERT INTO django_migrations VALUES(17,'auth','0012_alter_user_first_name_max_length','2024-08-17 18:14:10.426128');
INSERT INTO django_migrations VALUES(18,'sessions','0001_initial','2024-08-17 18:14:10.446126');
INSERT INTO django_migrations VALUES(19,'food','0001_initial','2024-08-17 19:03:22.298012');
INSERT INTO django_migrations VALUES(20,'food','0002_rename_item_price_item_item_price','2024-08-17 19:42:13.798986');
INSERT INTO django_migrations VALUES(21,'food','0003_item_item_image','2024-08-18 13:23:37.219074');
INSERT INTO django_migrations VALUES(22,'food','0004_alter_item_item_image','2024-08-18 15:33:30.042794');
INSERT INTO django_migrations VALUES(23,'food','0005_alter_item_item_image','2024-08-18 15:50:25.940647');
INSERT INTO django_migrations VALUES(24,'users','0001_initial','2024-08-19 23:22:00.191994');
INSERT INTO django_migrations VALUES(25,'food','0006_item_user_name','2024-08-28 16:35:48.964893');
CREATE TABLE IF NOT EXISTS "auth_group_permissions" ("id" integer NOT NULL PRIMARY KEY AUTOINCREMENT, "group_id" integer NOT NULL REFERENCES "auth_group" ("id") DEFERRABLE INITIALLY DEFERRED, "permission_id" integer NOT NULL REFERENCES "auth_permission" ("id") DEFERRABLE INITIALLY DEFERRED);
CREATE TABLE IF NOT EXISTS "auth_user_groups" ("id" integer NOT NULL PRIMARY KEY AUTOINCREMENT, "user_id" integer NOT NULL REFERENCES "auth_user" ("id") DEFERRABLE INITIALLY DEFERRED, "group_id" integer NOT NULL REFERENCES "auth_group" ("id") DEFERRABLE INITIALLY DEFERRED);
CREATE TABLE IF NOT EXISTS "auth_user_user_permissions" ("id" integer NOT NULL PRIMARY KEY AUTOINCREMENT, "user_id" integer NOT NULL REFERENCES "auth_user" ("id") DEFERRABLE INITIALLY DEFERRED, "permission_id" integer NOT NULL REFERENCES "auth_permission" ("id") DEFERRABLE INITIALLY DEFERRED);
CREATE TABLE IF NOT EXISTS "django_admin_log" ("id" integer NOT NULL PRIMARY KEY AUTOINCREMENT, "object_id" text NULL, "object_repr" varchar(200) NOT NULL, "action_flag" smallint unsigned NOT NULL CHECK ("action_flag" >= 0), "change_message" text NOT NULL, "content_type_id" integer NULL REFERENCES "django_content_type" ("id") DEFERRABLE INITIALLY DEFERRED, "user_id" integer NOT NULL REFERENCES "auth_user" ("id") DEFERRABLE INITIALLY DEFERRED, "action_time" datetime NOT NULL);
INSERT INTO django_admin_log VALUES(1,'3','Chess Burger',1,'[{"added": {}}]',7,1,'2024-08-17 22:36:59.650445');
INSERT INTO django_admin_log VALUES(2,'3','Chess Burger',2,'[{"changed": {"fields": ["Item image"]}}]',7,1,'2024-08-18 16:14:02.491896');
INSERT INTO django_admin_log VALUES(3,'2','Burger',2,'[{"changed": {"fields": ["Item image"]}}]',7,1,'2024-08-18 16:14:09.774398');
INSERT INTO django_admin_log VALUES(4,'1','Pizza',2,'[{"changed": {"fields": ["Item image"]}}]',7,1,'2024-08-18 16:14:15.614013');
INSERT INTO django_admin_log VALUES(5,'3','Chess Burger',2,'[{"changed": {"fields": ["Item image"]}}]',7,1,'2024-08-18 16:33:58.874459');
INSERT INTO django_admin_log VALUES(6,'2','Burger',2,'[{"changed": {"fields": ["Item image"]}}]',7,1,'2024-08-18 16:34:36.104997');
INSERT INTO django_admin_log VALUES(7,'1','Pizza',2,'[{"changed": {"fields": ["Item image"]}}]',7,1,'2024-08-18 16:35:02.337803');
INSERT INTO django_admin_log VALUES(8,'2','Burger',2,'[{"changed": {"fields": ["Item image"]}}]',7,1,'2024-08-18 16:35:56.659505');
INSERT INTO django_admin_log VALUES(9,'1','ibinabo',1,'[{"added": {}}]',8,1,'2024-08-20 17:49:52.211980');
INSERT INTO django_admin_log VALUES(10,'1','ibinabo',2,'[{"changed": {"fields": ["Image"]}}]',8,1,'2024-08-20 18:04:23.845070');
INSERT INTO django_admin_log VALUES(11,'2','dagorislab',1,'[{"added": {}}]',8,1,'2024-08-20 18:10:09.246887');
INSERT INTO django_admin_log VALUES(12,'3','fubara',1,'[{"added": {}}]',8,1,'2024-08-20 19:13:32.889583');
INSERT INTO django_admin_log VALUES(13,'4','PAsta',1,'[{"added": {}}]',7,1,'2024-08-28 16:41:11.534895');
INSERT INTO django_admin_log VALUES(14,'4','PAsta',2,'[{"changed": {"fields": ["User name"]}}]',7,1,'2024-08-28 16:41:50.640333');
INSERT INTO django_admin_log VALUES(15,'4','PAsta',2,'[]',7,1,'2024-08-28 16:41:54.968380');
CREATE TABLE IF NOT EXISTS "django_content_type" ("id" integer NOT NULL PRIMARY KEY AUTOINCREMENT, "app_label" varchar(100) NOT NULL, "model" varchar(100) NOT NULL);
INSERT INTO django_content_type VALUES(1,'admin','logentry');
INSERT INTO django_content_type VALUES(2,'auth','permission');
INSERT INTO django_content_type VALUES(3,'auth','group');
INSERT INTO django_content_type VALUES(4,'auth','user');
INSERT INTO django_content_type VALUES(5,'contenttypes','contenttype');
INSERT INTO django_content_type VALUES(6,'sessions','session');
INSERT INTO django_content_type VALUES(7,'food','item');
INSERT INTO django_content_type VALUES(8,'users','profile');
CREATE TABLE IF NOT EXISTS "auth_permission" ("id" integer NOT NULL PRIMARY KEY AUTOINCREMENT, "content_type_id" integer NOT NULL REFERENCES "django_content_type" ("id") DEFERRABLE INITIALLY DEFERRED, "codename" varchar(100) NOT NULL, "name" varchar(255) NOT NULL);
INSERT INTO auth_permission VALUES(1,1,'add_logentry','Can add log entry');
INSERT INTO auth_permission VALUES(2,1,'change_logentry','Can change log entry');
INSERT INTO auth_permission VALUES(3,1,'delete_logentry','Can delete log entry');
INSERT INTO auth_permission VALUES(4,1,'view_logentry','Can view log entry');
INSERT INTO auth_permission VALUES(5,2,'add_permission','Can add permission');
INSERT INTO auth_permission VALUES(6,2,'change_permission','Can change permission');
INSERT INTO auth_permission VALUES(7,2,'delete_permission','Can delete permission');
INSERT INTO auth_permission VALUES(8,2,'view_permission','Can view permission');
INSERT INTO auth_permission VALUES(9,3,'add_group','Can add group');
INSERT INTO auth_permission VALUES(10,3,'change_group','Can change group');
INSERT INTO auth_permission VALUES(11,3,'delete_group','Can delete group');
INSERT INTO auth_permission VALUES(12,3,'view_group','Can view group');
INSERT INTO auth_permission VALUES(13,4,'add_user','Can add user');
INSERT INTO auth_permission VALUES(14,4,'change_user','Can change user');
INSERT INTO auth_permission VALUES(15,4,'delete_user','Can delete user');
INSERT INTO auth_permission VALUES(16,4,'view_user','Can view user');
INSERT INTO auth_permission VALUES(17,5,'add_contenttype','Can add content type');
INSERT INTO auth_permission VALUES(18,5,'change_contenttype','Can change content type');
INSERT INTO auth_permission VALUES(19,5,'delete_contenttype','Can delete content type');
INSERT INTO auth_permission VALUES(20,5,'view_contenttype','Can view content type');
INSERT INTO auth_permission VALUES(21,6,'add_session','Can add session');
INSERT INTO auth_permission VALUES(22,6,'change_session','Can change session');
INSERT INTO auth_permission VALUES(23,6,'delete_session','Can delete session');
INSERT INTO auth_permission VALUES(24,6,'view_session','Can view session');
INSERT INTO auth_permission VALUES(25,7,'add_item','Can add item');
INSERT INTO auth_permission VALUES(26,7,'change_item','Can change item');
INSERT INTO auth_permission VALUES(27,7,'delete_item','Can delete item');
INSERT INTO auth_permission VALUES(28,7,'view_item','Can view item');
INSERT INTO auth_permission VALUES(29,8,'add_profile','Can add profile');
INSERT INTO auth_permission VALUES(30,8,'change_profile','Can change profile');
INSERT INTO auth_permission VALUES(31,8,'delete_profile','Can delete profile');
INSERT INTO auth_permission VALUES(32,8,'view_profile','Can view profile');
CREATE TABLE IF NOT EXISTS "auth_group" ("id" integer NOT NULL PRIMARY KEY AUTOINCREMENT, "name" varchar(150) NOT NULL UNIQUE);
CREATE TABLE IF NOT EXISTS "auth_user" ("id" integer NOT NULL PRIMARY KEY AUTOINCREMENT, "password" varchar(128) NOT NULL, "last_login" datetime NULL, "is_superuser" bool NOT NULL, "username" varchar(150) NOT NULL UNIQUE, "last_name" varchar(150) NOT NULL, "email" varchar(254) NOT NULL, "is_staff" bool NOT NULL, "is_active" bool NOT NULL, "date_joined" datetime NOT NULL, "first_name" varchar(150) NOT NULL);
INSERT INTO auth_user VALUES(1,'pbkdf2_sha256$870000$vI8osoVHJZXbqrVnB73rHy$j0TAraZIejm5KizEFhRHuWP3Qw4njUDwhZ8GFRsVSeg=','2024-08-28 16:37:53.269485',1,'dagorislab','','dagorislab@gmail.com',1,1,'2024-08-17 20:31:28.990185','');
INSERT INTO auth_user VALUES(2,'pbkdf2_sha256$870000$xY2bLImJdQyoCEzmslgMYx$1UhUdMbKwbWItXv3rLaDwCBWT1Bu2BaIv7JXWJschUw=','2024-08-19 20:56:37.944972',0,'ibinabo','','',0,1,'2024-08-19 18:40:42.662564','');
INSERT INTO auth_user VALUES(3,'pbkdf2_sha256$870000$SIGWsUcOZs0Hy1AjFyjz51$Q0+JgAZ6LCzXZOIFUoV+JQmHNNTyJy8RcUHDkHtsoD4=','2024-08-20 19:14:12.780775',0,'fubara','','fubar@yahoo.com',0,1,'2024-08-19 19:23:27.200624','');
INSERT INTO auth_user VALUES(4,'pbkdf2_sha256$870000$g1V7EtnL5B6cAliOXSCKSo$5lUdHqNmtz7OWOtsur6HEDzTHDaFtVGfL7bqDC2/lgs=',NULL,0,'philip','','dagoris2024@outlook.com',0,1,'2024-08-19 21:12:45.971204','');
INSERT INTO auth_user VALUES(5,'pbkdf2_sha256$870000$XWFKKFDispWuYjyPRMeYVq$T1tsaKjlewpKrQ7lecEMPcAdIfYYEI+umrwZSK7BkNU=','2024-08-28 13:57:20.882259',0,'samdag','','samdag@gmail.com',0,1,'2024-08-28 13:57:00.436594','');
CREATE TABLE IF NOT EXISTS "django_session" ("session_key" varchar(40) NOT NULL PRIMARY KEY, "session_data" text NOT NULL, "expire_date" datetime NOT NULL);
INSERT INTO django_session VALUES('f6tvvsxdwjwxfm6qk641a2u9naa90iv6','e30:1sgSvW:mP7toOkUUJsjiExIGmfcI9CqhRQfEjZJKXbIisliBPg','2024-09-03 17:45:50.949321');
INSERT INTO django_session VALUES('ww2onvhkem225xe7qvumnav97zbothf2','e30:1sgSvp:0N17BhWDMlymSqJF5j4gaglQB0AXSzyy0wCCP5szUgw','2024-09-03 17:46:09.393730');
INSERT INTO django_session VALUES('nv6pfmdwf46fxpqxw0h5fuh9m0s20j5w','e30:1sgTJe:o6gG0aPE-U7Nxa6hiHc0kW7BKAncS2Ao-2Mu63Dezx8','2024-09-03 18:10:46.482044');
INSERT INTO django_session VALUES('6nn9ga77to55x8k45p5mp7wyzy6yllsf','e30:1sgTL8:zAT2GhaQouFa6WSp7AnuATaeW-Vsq2tNr1X74X0sUZw','2024-09-03 18:12:18.939274');
INSERT INTO django_session VALUES('hz5z6tckbd1csbkpo2t999qk9not1znm','.eJxVjEsOwiAUAO_C2hA-Dygu3fcMBB48qRqalHZlvLsh6UK3M5N5sxCPvYajly0smV2ZZJdfliI-SxsiP2K7rxzXtm9L4iPhp-18XnN53c72b1Bjr2MLRWcDURYksk5Gm2RODqzyXiFaDbYQTYoUkBZC6QxgFHphjJtIaPb5AuNVN0E:1sjLg9:46jt3tLG7SUIqnrSKHvrSoPV0n0_HsFIGJfpM0gui3I','2024-09-11 16:37:53.286849');
CREATE TABLE IF NOT EXISTS "users_profile" ("id" integer NOT NULL PRIMARY KEY AUTOINCREMENT, "image" varchar(100) NOT NULL, "location" varchar(100) NOT NULL, "user_id" integer NOT NULL UNIQUE REFERENCES "auth_user" ("id") DEFERRABLE INITIALLY DEFERRED);
INSERT INTO users_profile VALUES(1,'profile_pictures/ud.png','Port Harcourt',2);
INSERT INTO users_profile VALUES(2,'profile_pictures/daggg.jpeg','Salford',1);
INSERT INTO users_profile VALUES(3,'profilepic.jpg','Edinburgh',3);
INSERT INTO users_profile VALUES(4,'profilepic.jpg','',5);
CREATE TABLE IF NOT EXISTS "food_item" ("id" integer NOT NULL PRIMARY KEY AUTOINCREMENT, "item_name" varchar(200) NOT NULL, "item_desc" varchar(200) NOT NULL, "item_price" integer NOT NULL, "item_image" varchar(500) NOT NULL, "user_name_id" integer NOT NULL REFERENCES "auth_user" ("id") DEFERRABLE INITIALLY DEFERRED);
INSERT INTO food_item VALUES(1,'Pizza','Cheesy Pizza',25,'https://www.allrecipes.com/thmb/0xH8n2D4cC97t7mcC7eT2SDZ0aE=/1500x0/filters:no_upscale():max_bytes(150000):strip_icc()/6776_Pizza-Dough_ddmfs_2x1_1725-fdaa76496da045b3bdaadcec6d4c5398.jpg',1);
INSERT INTO food_item VALUES(2,'Burger','Cheesy Burger',10,'https://www.chicken.ca/wp-content/uploads/2013/05/Moist-Chicken-Burgers-1180x580.jpg',1);
INSERT INTO food_item VALUES(3,'Chess Burger','This is a Burger',8,'https://playswellwithbutter.com/wp-content/uploads/2022/04/Grilled-Blue-Cheese-Burgers-20-e1652119394354.jpg',1);
INSERT INTO food_item VALUES(4,'PAsta','This is a lovely pasta',5,'https://www.thefuzzyduck.co.uk/wp-content/uploads/2024/05/image-coming-soon-placeholder-01-660x660.png',3);
DELETE FROM sqlite_sequence;
INSERT INTO sqlite_sequence VALUES('django_migrations',25);
INSERT INTO sqlite_sequence VALUES('django_admin_log',15);
INSERT INTO sqlite_sequence VALUES('django_content_type',8);
INSERT INTO sqlite_sequence VALUES('auth_permission',32);
INSERT INTO sqlite_sequence VALUES('auth_group',0);
INSERT INTO sqlite_sequence VALUES('auth_user',5);
INSERT INTO sqlite_sequence VALUES('users_profile',4);
INSERT INTO sqlite_sequence VALUES('food_item',4);
CREATE UNIQUE INDEX "auth_group_permissions_group_id_permission_id_0cd325b0_uniq" ON "auth_group_permissions" ("group_id", "permission_id");
CREATE INDEX "auth_group_permissions_group_id_b120cbf9" ON "auth_group_permissions" ("group_id");
CREATE INDEX "auth_group_permissions_permission_id_84c5c92e" ON "auth_group_permissions" ("permission_id");
CREATE UNIQUE INDEX "auth_user_groups_user_id_group_id_94350c0c_uniq" ON "auth_user_groups" ("user_id", "group_id");
CREATE INDEX "auth_user_groups_user_id_6a12ed8b" ON "auth_user_groups" ("user_id");
CREATE INDEX "auth_user_groups_group_id_97559544" ON "auth_user_groups" ("group_id");
CREATE UNIQUE INDEX "auth_user_user_permissions_user_id_permission_id_14a6b632_uniq" ON "auth_user_user_permissions" ("user_id", "permission_id");
CREATE INDEX "auth_user_user_permissions_user_id_a95ead1b" ON "auth_user_user_permissions" ("user_id");
CREATE INDEX "auth_user_user_permissions_permission_id_1fbb5f2c" ON "auth_user_user_permissions" ("permission_id");
CREATE INDEX "django_admin_log_content_type_id_c4bce8eb" ON "django_admin_log" ("content_type_id");
CREATE INDEX "django_admin_log_user_id_c564eba6" ON "django_admin_log" ("user_id");
CREATE UNIQUE INDEX "django_content_type_app_label_model_76bd3d3b_uniq" ON "django_content_type" ("app_label", "model");
CREATE UNIQUE INDEX "auth_permission_content_type_id_codename_01ab375a_uniq" ON "auth_permission" ("content_type_id", "codename");
CREATE INDEX "auth_permission_content_type_id_2f476e4b" ON "auth_permission" ("content_type_id");
CREATE INDEX "django_session_expire_date_a5c62663" ON "django_session" ("expire_date");
CREATE INDEX "food_item_user_name_id_ad7500a2" ON "food_item" ("user_name_id");
COMMIT;
